"Time [h]","Measurement [mg/l]","Error [mg/l]"
0.1486486,9.223828,1.653185
0.490991,2.252691,0.4038115
0.981982,1.91519,0.5378056
1.995495,0.5096804,0.1505991
