"Time [h]","Measurement [mg/l]","Error [mg/l]"
0.1428677,10.29152,2.46541
0.4809947,3.114587,0.571892
0.984901,1.751496,1.129056
2.002262,1.049495,0.2432594
