"Time [h]","Measurement [mg/l]","Error [mg/l]"
0.1422222,7.117853,1.081695
0.4888888,2.540515,0.713488
0.9733334,1.735296,0.8191416
1.977778,1.300451,0.7248411
