"Time [h]","Measurement [mg/l]","Error [mg/l]"
0.1605551,17.79004,2.692123
0.4888815,9.931403,1.588902
0.9995992,6.606544,1.896984
1.99415,2.332633,0.4901397
