"Time [h]","Measurement [mg/l]","Error [mg/l]"
0.16,7.142658,1.82027
0.4888888,3.700332,0.7995584
0.9866667,2.14512,0.3212802
1.982222,0.6447858,0.2403856
