"Time [h]","Measurement [mg/l]","Error [mg/l]"
0.1750588,18.62066,4.430878
0.5093731,5.111526,1.47878
0.9968393,4.035797,0.9098053
1.998272,1.762393,0.7024961
